Market,Daily Newsletter Readers,IG Followers,Monthly Web Users,BizBrief Readers
6AM City,560554,1016189,316191,204597
865,4794,1271,1826,
ATX,30946,85466,22023,
AVL,28556,76875,22751,23265
CHS,29013,110291,18465,24713
CLT,15972,27227,15756,10517
COLA,23215,60227,21859,20298
FTW,20932,45551,13379,
GVL,37655,122365,30249,30563
INDY,22451,49154,14104,
LAL,15823,45799,17743,
LEX,21124,34469,20652,19634
LOU,17959,49378,14299,
NASH,24728,82679,11513,22629
NOOGA,21971,57287,22048,20455
NOVA,10403,2336,6211,
RAL,25637,70881,12511,22554
RIC,17653,68105,17789,
TBAY,18066,17849,9318,
WILM,3030,467,8673,
WS,11786,8512,9144,9969
